ﾄ｣魹ｽ魹ｽ魹ｽ魹ｽ魹ｽ,魹ｽ魹ｽﾄ｣魹ｽ魹ｽ,魹ｽ魹ｽ魹ｽ魹ｽ魹ｽ魹ｽ,魹ｽ魹ｽ魹ｽﾈｼ魹ｽ,魹ｽ魹ｽ魹ｽﾗｴﾌｬ,魹ｽ魹ｽﾉｰﾙｷﾖｱ魹ｽ,魹ｽ魹ｽﾗ｢,魹ｽ魹ｽ魹ｽ魹ｽ魹ｽ魹ｽ,魹ｽﾆｻ魹ｽ魹ｽ魹ｽ魹ｽﾊｱ魹ｽ魹ｽ,ﾊｵ魹ｽ魹ｽ魹ｽ魹ｽ魹ｽﾊｱ魹ｽ魹ｽ
Phase 1: 魹ｽ魹ｽ魹ｽﾄｹ魹ｽ魹ｽ魹ｽ魹ｽ魹ｽ魹ｽ魹ｽ,AI 魹ｽ魹ｽ魹ｽ魹ｽ魹ｽ魹ｽﾇｿ,ﾊｵ魹ｽﾖｸﾟｼ魹ｽ魹ｽ魹ｽ魹ｽ魹ｽﾊｶ魹ｽ魹ｽ魹ｽ羚ｨ,P0,魹ｽ魹ｽ魹ｽ魹ｽ魹ｽ魹ｽ魹ｽ,60%,魹ｽ魹ｽ魹ｽ魹ｽAI魹ｽ魹ｽﾊｵ魹ｽﾖ｣魹ｽ魹ｽﾟｼ魹ｽ魹ｽ羚ｨ魹ｽ魹ｽ魹ｽﾅｻ魹ｽ,AI魹ｽ魹ｽ魹ｽ魹ｽ,Week 2,
Phase 1: 魹ｽ魹ｽ魹ｽﾄｹ魹ｽ魹ｽ魹ｽ魹ｽ魹ｽ魹ｽ魹ｽ,AI 魹ｽ魹ｽ魹ｽ魹ｽ魹ｽ魹ｽﾇｿ,魹ｽ魹ｽ魹ｽﾓｶ魹ｽ魹ｽ魹ｽﾐｭ魹ｽ魹ｽ魹ｽﾟｼ魹ｽ,P0,魹ｽ魹ｽ魹ｽ魹ｽ魹ｽ魹ｽ魹ｽ,50%,魹ｽﾐｻ魹ｽ魹ｽ魹ｽﾐｭ魹ｽ魹ｽ魹ｽﾟｼ魹ｽ魹ｽ魹ｽ魹ｽ魹ｽﾒｪ魹ｽ魹ｽﾇｿ,AI魹ｽ魹ｽ魹ｽ魹ｽ,Week 2,
Phase 1: 魹ｽ魹ｽ魹ｽﾄｹ魹ｽ魹ｽ魹ｽ魹ｽ魹ｽ魹ｽ魹ｽ,AI 魹ｽ魹ｽ魹ｽ魹ｽ魹ｽ魹ｽﾇｿ,ﾊｵ魹ｽﾖｼ魹ｽ魹ｽﾆｹ魹ｽ魹ｽ魹ｽ,P0,魹ｽ魹ｽ魹ｽ魹ｽ魹ｽ,100%,CardCounter魹ｽ魹ｽﾊｵ魹ｽﾖｲ魹ｽ魹ｽ魹ｽ魹ｽ魹ｽ,AI魹ｽ魹ｽ魹ｽ魹ｽ,Week 1,Week 1
Phase 1: 魹ｽ魹ｽ魹ｽﾄｹ魹ｽ魹ｽ魹ｽ魹ｽ魹ｽ魹ｽ魹ｽ,AI 魹ｽ魹ｽ魹ｽ魹ｽ魹ｽ魹ｽﾇｿ,魹ｽﾅｻ魹ｽ魹ｽ魹ｽ魹ｽﾆｲ魹ｽ魹ｽﾔ｣魹ｽ魹ｽ魹ｽ魹ｽ魹ｽ/魹ｽ魹ｽ魹ｽﾘ｣魹ｽ,P0,魹ｽ魹ｽ魹ｽ魹ｽ魹ｽ魹ｽ魹ｽ,40%,魹ｽ魹ｽ魹ｽ魹ｽ魹ｽ魹ｽ魹ｽ魹ｽ魹ｽ魹ｽﾊｵ魹ｽﾖ｣魹ｽ魹ｽ魹ｽﾒｪ魹ｽﾅｻ魹ｽ,AI魹ｽ魹ｽ魹ｽ魹ｽ,Week 3,
Phase 1: 魹ｽ魹ｽ魹ｽﾄｹ魹ｽ魹ｽ魹ｽ魹ｽ魹ｽ魹ｽ魹ｽ,AI 魹ｽ魹ｽ魹ｽ魹ｽ魹ｽ魹ｽﾇｿ,魹ｽ魹ｽ魹ｽ魹ｽ魹ｽﾑｶﾈｵﾈｼ魹ｽﾑ｡魹ｽ啊ｨｼ魹ｽ/魹ｽﾐｵ魹ｽ/魹ｽ魹ｽ魹ｽﾑ｣魹ｽ,P0,ﾎｴ魹ｽ魹ｽ魹ｽ,0%,魹ｽ魹ｽ魹ｽ魹ｽ魹ｽ魹ｽ,ﾇｰ魹ｽﾋｿ魹ｽ魹ｽ魹ｽ,Week 4,
Phase 1: 魹ｽ魹ｽ魹ｽﾄｹ魹ｽ魹ｽ魹ｽ魹ｽ魹ｽ魹ｽ魹ｽ,魹ｽ魹ｽﾏｷ魹ｽ魹ｽ魹ｽ魹ｽ魹ｽ魹ｽ魹ｽ魹ｽ,魹ｽ魹ｽ魹ｽ魹ｽ魹ｽ魹ｽ魹ｽ魹ｽ魹ｽ魹ｽ魹ｽﾍｴ魹ｽ魹ｽ魹ｽ魹ｽ魹ｽ魹ｽ魹ｽ魹ｽ魹ｽ魹ｽ茖｢魹ｽ魹ｽ魹ｽﾆｵﾈ｣魹ｽ,P0,魹ｽ魹ｽ魹ｽ魹ｽ魹ｽ魹ｽ魹ｽ,70%,魹ｽ魹ｽ魹ｽ魹ｽ魹ｽ魹ｽ魹ｽ魹ｽ魹ｽ魹ｽﾊｵ魹ｽﾖ｣魹ｽ魹ｽ魹ｽ魹ｽ魹ｽ魹ｽ魹ｽ魹ｽﾍｴ魹ｽ魹ｽ魹ｽ魹ｽ魹ｽ,魹ｽ魹ｽﾋｿ魹ｽ魹ｽ魹ｽ,Week 2,
Phase 1: 魹ｽ魹ｽ魹ｽﾄｹ魹ｽ魹ｽ魹ｽ魹ｽ魹ｽ魹ｽ魹ｽ,魹ｽ魹ｽﾏｷ魹ｽ魹ｽ魹ｽ魹ｽ魹ｽ魹ｽ魹ｽ魹ｽ,魹ｽﾅｻ魹ｽ魹ｽ魹ｽ魹ｽ魹ｽ魹ｽ魹ｽ魹ｽ魹ｽ魹ｽﾟｼ魹ｽ,P0,魹ｽ魹ｽ魹ｽ魹ｽ魹ｽ魹ｽ魹ｽ,60%,魹ｽ魹ｽ魹ｽ魹ｽ魹ｽﾟｼ魹ｽ魹ｽ魹ｽﾊｵ魹ｽﾖ｣魹ｽ魹ｽ魹ｽﾒｪ魹ｽﾅｻ魹ｽ,魹ｽ魹ｽﾋｿ魹ｽ魹ｽ魹ｽ,Week 2,
Phase 1: 魹ｽ魹ｽ魹ｽﾄｹ魹ｽ魹ｽ魹ｽ魹ｽ魹ｽ魹ｽ魹ｽ,魹ｽ魹ｽﾏｷ魹ｽ魹ｽ魹ｽ魹ｽ魹ｽ魹ｽ魹ｽ魹ｽ,魹ｽ魹ｽ魹ｽﾆｿ魹ｽ魹ｽ魹ｽ魹ｽ魹ｽ魹ｽ魹ｽ,P0,魹ｽ魹ｽ魹ｽ魹ｽ魹ｽ魹ｽ魹ｽ,60%,魹ｽ魹ｽ魹ｽ魹ｽ魹ｽ魹ｽ魹ｽ魹ｽ魹ｽ魹ｽﾊｵ魹ｽﾖ｣魹ｽ魹ｽ魹ｽﾒｪ魹ｽ魹ｽ魹ｽ魹ｽ,魹ｽ魹ｽﾋｿ魹ｽ魹ｽ魹ｽ,Week 2,
Phase 1: 魹ｽ魹ｽ魹ｽﾄｹ魹ｽ魹ｽ魹ｽ魹ｽ魹ｽ魹ｽ魹ｽ,魹ｽ魹ｽﾏｷ魹ｽ魹ｽ魹ｽ魹ｽ魹ｽ魹ｽ魹ｽ魹ｽ,魹ｽ魹ｽ魹ｽ魹ｽ魹ｽ魹ｽﾏｷ魹ｽ魹ｽ魹ｽ魹ｽﾋｵ魹ｽ魹ｽﾒｳ魹ｽ魹ｽ,P0,ﾎｴ魹ｽ魹ｽ魹ｽ,0%,魹ｽ魹ｽ魹ｽ魹ｽ魹ｽ魹ｽ,ﾇｰ魹ｽﾋｿ魹ｽ魹ｽ魹ｽ,Week 3,
Phase 1: 魹ｽ魹ｽ魹ｽﾄｹ魹ｽ魹ｽ魹ｽ魹ｽ魹ｽ魹ｽ魹ｽ,魹ｽ魹ｽﾏｷ魹ｽ魹ｽ魹ｽ魹ｽ魹ｽ魹ｽ魹ｽ魹ｽ,ﾊｵ魹ｽ魹ｽ魹ｽ魹ｽﾏｷ魹ｽ魹ｽﾍ｣/魹ｽﾖｸ魹ｽ魹ｽ魹ｽ魹ｽ魹ｽ,P0,ﾎｴ魹ｽ魹ｽ魹ｽ,0%,魹ｽ魹ｽ魹ｽ魹ｽ魹ｽ魹ｽ,魹ｽ魹ｽﾋｿ魹ｽ魹ｽ魹ｽ,Week 3,
Phase 1: 魹ｽ魹ｽ魹ｽﾄｹ魹ｽ魹ｽ魹ｽ魹ｽ魹ｽ魹ｽ魹ｽ,魹ｽ鄂ｻ魹ｽ魹ｽ魹ｽ魹ｽ魹ｽ魹ｽﾇｿ,魹ｽ魹ｽ魹ｽ魹ｽ魹ｽ魹ｽ魹ｽ魹ｽﾏｵﾍｳ魹ｽ魹ｽ魹ｽ魹ｽ魹ｽ魹ｽ魹ｽ魹ｽ魹ｽ魹ｽ魹ｽ魹ｽ魹ｽ顥ｩ,P0,魹ｽ魹ｽ魹ｽ魹ｽ魹ｽ魹ｽ魹ｽ,40%,魹ｽ魹ｽ魹ｽ魹ｽ魹ｽ魹ｽ魹ｽ魹ｽ魹ｽ魹ｽﾊｵ魹ｽﾖ｣魹ｽ魹ｽ魹ｽ魹ｽ魹ｽ魹ｽ魹ｽ魹ｽ魹ｽ魹ｽ魹ｽ魹ｽ,ﾇｰ魹ｽﾋｿ魹ｽ魹ｽ魹ｽ,Week 3,
Phase 1: 魹ｽ魹ｽ魹ｽﾄｹ魹ｽ魹ｽ魹ｽ魹ｽ魹ｽ魹ｽ魹ｽ,魹ｽ鄂ｻ魹ｽ魹ｽ魹ｽ魹ｽ魹ｽ魹ｽﾇｿ,魹ｽ魹ｽ魹ｽﾓｺ魹ｽ魹ｽ魹ｽﾏｵﾍｳ,P0,ﾎｴ魹ｽ魹ｽ魹ｽ,0%,魹ｽ魹ｽ魹ｽ魹ｽ魹ｽ魹ｽ,魹ｽ魹ｽﾋｿ魹ｽ魹ｽ魹ｽ,Week 4,
Phase 1: 魹ｽ魹ｽ魹ｽﾄｹ魹ｽ魹ｽ魹ｽ魹ｽ魹ｽ魹ｽ魹ｽ,魹ｽ鄂ｻ魹ｽ魹ｽ魹ｽ魹ｽ魹ｽ魹ｽﾇｿ,ﾊｵ魹ｽﾖｷ魹ｽ魹ｽ魹ｽ魹ｽ魹ｽ魹ｽ欄ｦ魹ｽ魹ｽ,P0,ﾎｴ魹ｽ魹ｽ魹ｽ,0%,魹ｽ魹ｽ魹ｽ魹ｽ魹ｽ魹ｽ,魹ｽ魹ｽﾋｿ魹ｽ魹ｽ魹ｽ,Week 4,
Phase 1: 魹ｽ魹ｽ魹ｽﾄｹ魹ｽ魹ｽ魹ｽ魹ｽ魹ｽ魹ｽ魹ｽ,魹ｽ鄂ｻ魹ｽ魹ｽ魹ｽ魹ｽ魹ｽ魹ｽﾇｿ,魹ｽ魹ｽ魹ｽ魹ｽ魹ｽ魹ｽﾏｷ魹ｽ魹ｽ魹ｽ魹ｽ魹ｽ魹ｽﾍｨ魹ｽ魹ｽ魹ｽ魹ｽ魹ｽ魹ｽﾑ｡魹ｽ魹ｽ,P0,ﾎｴ魹ｽ魹ｽ魹ｽ,0%,魹ｽ魹ｽ魹ｽ魹ｽ魹ｽ魹ｽ,魹ｽ魹ｽﾋｿ魹ｽ魹ｽ魹ｽ,Week 4,
Phase 1: 魹ｽ魹ｽ魹ｽﾄｹ魹ｽ魹ｽ魹ｽ魹ｽ魹ｽ魹ｽ魹ｽ,魹ｽ鄂ｻ魹ｽ魹ｽ魹ｽ魹ｽ魹ｽ魹ｽﾇｿ,ﾊｵ魹ｽﾖｾﾙｱ魹ｽ/魹ｽ魹ｽ魹ｽﾎｹ魹ｽ魹ｽ魹ｽ,P0,ﾎｴ魹ｽ魹ｽ魹ｽ,0%,魹ｽ魹ｽ魹ｽ魹ｽ魹ｽ魹ｽ,魹ｽ魹ｽﾋｿ魹ｽ魹ｽ魹ｽ,Week 4,
Phase 2: 魹ｽﾓｾ魹ｽ魹ｽ魹ｽ魹ｽ魹ｽ魹ｽ魹ｽ魹ｽ魹ｽ,3D 魹ｽﾓｾ魹ｽﾐｧ魹ｽ魹ｽ,魹ｽ魹ｽ魹ｽ魹ｽ Three.js 魹ｽ魹ｽﾈｾ魹ｽ魹ｽ魹ｽ魹ｽ,P1,ﾎｴ魹ｽ魹ｽ魹ｽ,0%,魹ｽ魹ｽ魹ｽ魹ｽ魹ｽ魹ｽ,ﾇｰ魹ｽﾋｿ魹ｽ魹ｽ魹ｽ,Week 6,
Phase 2: 魹ｽﾓｾ魹ｽ魹ｽ魹ｽ魹ｽ魹ｽ魹ｽ魹ｽ魹ｽ魹ｽ,3D 魹ｽﾓｾ魹ｽﾐｧ魹ｽ魹ｽ,ﾊｵ魹ｽ魹ｽ 3D 魹ｽﾋｿ魹ｽ魹ｽ魹ｽﾄ｣魹ｽ魹ｽ,P1,ﾎｴ魹ｽ魹ｽ魹ｽ,0%,魹ｽ魹ｽ魹ｽ魹ｽ魹ｽ魹ｽ,ﾇｰ魹ｽﾋｿ魹ｽ魹ｽ魹ｽ,Week 6,
Phase 2: 魹ｽﾓｾ魹ｽ魹ｽ魹ｽ魹ｽ魹ｽ魹ｽ魹ｽ魹ｽ魹ｽ,3D 魹ｽﾓｾ魹ｽﾐｧ魹ｽ魹ｽ,魹ｽ魹ｽ魹ｽ魹ｽ魹ｽ魹ｽ魹ｽ魹ｽ 3D 魹ｽ魹ｽ魹ｽ魹ｽ,P1,ﾎｴ魹ｽ魹ｽ魹ｽ,0%,魹ｽ魹ｽ魹ｽ魹ｽ魹ｽ魹ｽ,ﾇｰ魹ｽﾋｿ魹ｽ魹ｽ魹ｽ,Week 7,
Phase 2: 魹ｽﾓｾ魹ｽ魹ｽ魹ｽ魹ｽ魹ｽ魹ｽ魹ｽ魹ｽ魹ｽ,3D 魹ｽﾓｾ魹ｽﾐｧ魹ｽ魹ｽ,ﾊｵ魹ｽ魹ｽ魹ｽ魹ｽ魹ｽ魹ｽ魹ｽ魹ｽﾐｧ魹ｽ魹ｽ魹ｽ魹ｽ魹ｽﾆ｡魹ｽﾊ､魹ｽ魹ｽ魹ｽ魹ｽ,P1,ﾎｴ魹ｽ魹ｽ魹ｽ,0%,魹ｽ魹ｽ魹ｽ魹ｽ魹ｽ魹ｽ,ﾇｰ魹ｽﾋｿ魹ｽ魹ｽ魹ｽ,Week 7,
Phase 2: 魹ｽﾓｾ魹ｽ魹ｽ魹ｽ魹ｽ魹ｽ魹ｽ魹ｽ魹ｽ魹ｽ,3D 魹ｽﾓｾ魹ｽﾐｧ魹ｽ魹ｽ,魹ｽ魹ｽ魹ｽﾓｹ魹ｽﾓｰﾐｧ魹ｽ魹ｽ魹ｽ魹ｽ魹ｽ魹ｽﾓｰ,P1,ﾎｴ魹ｽ魹ｽ魹ｽ,0%,魹ｽ魹ｽ魹ｽ魹ｽ魹ｽ魹ｽ,ﾇｰ魹ｽﾋｿ魹ｽ魹ｽ魹ｽ,Week 7,
Phase 2: 魹ｽﾓｾ魹ｽ魹ｽ魹ｽ魹ｽ魹ｽ魹ｽ魹ｽ魹ｽ魹ｽ,3D 魹ｽﾓｾ魹ｽﾐｧ魹ｽ魹ｽ,魹ｽﾅｻ魹ｽ魹ｽﾆｶ魹ｽ魹ｽ魹ｽ 3D 魹ｽ魹ｽ魹ｽ魹ｽ,P1,ﾎｴ魹ｽ魹ｽ魹ｽ,0%,魹ｽ魹ｽ魹ｽ魹ｽ魹ｽ魹ｽ,ﾇｰ魹ｽﾋｿ魹ｽ魹ｽ魹ｽ,Week 8,
Phase 2: 魹ｽﾓｾ魹ｽ魹ｽ魹ｽ魹ｽ魹ｽ魹ｽ魹ｽ魹ｽ魹ｽ,魹ｽ魹ｽ魹ｽ魹ｽﾏｵﾍｳ魹ｽ魹ｽﾇｿ,魹ｽ魹ｽ魹ｽﾓｷ魹ｽ魹ｽﾆｶ魹ｽ魹ｽ魹ｽ,P1,ﾎｴ魹ｽ魹ｽ魹ｽ,0%,魹ｽ魹ｽ魹ｽ魹ｽ魹ｽ魹ｽ,ﾇｰ魹ｽﾋｿ魹ｽ魹ｽ魹ｽ,Week 5,
Phase 2: 魹ｽﾓｾ魹ｽ魹ｽ魹ｽ魹ｽ魹ｽ魹ｽ魹ｽ魹ｽ魹ｽ,魹ｽ魹ｽ魹ｽ魹ｽﾏｵﾍｳ魹ｽ魹ｽﾇｿ,ﾊｵ魹ｽﾖｳ魹ｽ魹ｽﾆｹ璦｣魹ｽ魹ｽ魹ｽ魹ｽ,P1,ﾎｴ魹ｽ魹ｽ魹ｽ,0%,魹ｽ魹ｽ魹ｽ魹ｽ魹ｽ魹ｽ,ﾇｰ魹ｽﾋｿ魹ｽ魹ｽ魹ｽ,Week 5,
Phase 2: 魹ｽﾓｾ魹ｽ魹ｽ魹ｽ魹ｽ魹ｽ魹ｽ魹ｽ魹ｽ魹ｽ,魹ｽ魹ｽ魹ｽ魹ｽﾏｵﾍｳ魹ｽ魹ｽﾇｿ,魹ｽ魹ｽ魹ｽ魹ｽﾊ､魹ｽ魹ｽ/ﾊｧ魹ｽ魹ｽ魹ｽ魹ｽﾐｧ,P1,ﾎｴ魹ｽ魹ｽ魹ｽ,0%,魹ｽ魹ｽ魹ｽ魹ｽ魹ｽ魹ｽ,ﾇｰ魹ｽﾋｿ魹ｽ魹ｽ魹ｽ,Week 6,
Phase 2: 魹ｽﾓｾ魹ｽ魹ｽ魹ｽ魹ｽ魹ｽ魹ｽ魹ｽ魹ｽ魹ｽ,魹ｽ魹ｽ魹ｽ魹ｽﾏｵﾍｳ魹ｽ魹ｽﾇｿ,ﾊｵ魹ｽ魹ｽ魹ｽ魹ｽ魹ｽ魹ｽﾐｧ魹ｽ魹ｽ,P1,ﾎｴ魹ｽ魹ｽ魹ｽ,0%,魹ｽ魹ｽ魹ｽ魹ｽ魹ｽ魹ｽ,ﾇｰ魹ｽﾋｿ魹ｽ魹ｽ魹ｽ,Week 6,
Phase 2: 魹ｽﾓｾ魹ｽ魹ｽ魹ｽ魹ｽ魹ｽ魹ｽ魹ｽ魹ｽ魹ｽ,魹ｽ魹ｽ魹ｽ魹ｽﾏｵﾍｳ魹ｽ魹ｽﾇｿ,魹ｽ魹ｽ魹ｽﾓｻ魹ｽ魹ｽ魹ｽ魹ｽ魹ｽ魹ｽ魹ｽ魹ｽ魹ｽ魹ｽﾆｶ茖｢魹ｽ魹ｽﾓｰ魹ｽ魹ｽ,P1,魹ｽ魹ｽ魹ｽ魹ｽ魹ｽ魹ｽ魹ｽ,30%,魹ｽ魹ｽ魹ｽ魹ｽ魹ｽ魹ｽ魹ｽ魹ｽ魹ｽ魹ｽﾊｵ魹ｽﾖ｣魹ｽ魹ｽ魹ｽﾒｪ魹ｽ魹ｽﾇｿ,ﾇｰ魹ｽﾋｿ魹ｽ魹ｽ魹ｽ,Week 5,
Phase 2: 魹ｽﾓｾ魹ｽ魹ｽ魹ｽ魹ｽ魹ｽ魹ｽ魹ｽ魹ｽ魹ｽ,魹ｽ魹ｽ魹ｽ魹ｽﾏｵﾍｳ魹ｽ魹ｽ魹ｽ魹ｽ,魹ｽ魹ｽ魹ｽﾆｾ魹ｽ魹ｽ魹ｽ魹ｽ魹ｽ魹ｽ筌ｨ魹ｽ魹ｽﾍｳ魹ｽ魹ｽ魹ｽ,P1,魹ｽ魹ｽ魹ｽ魹ｽ魹ｽ,100%,魹ｽ魹ｽ魹ｽ魹ｽ魹ｽ魹ｽ魹ｽ魹ｽ魹ｽ魹ｽ魹ｽ魹ｽ魹ｽ魹ｽﾊｵ魹ｽ魹ｽ,ﾇｰ魹ｽﾋｿ魹ｽ魹ｽ魹ｽ,Week 5,Week 5
Phase 2: 魹ｽﾓｾ魹ｽ魹ｽ魹ｽ魹ｽ魹ｽ魹ｽ魹ｽ魹ｽ魹ｽ,魹ｽ魹ｽ魹ｽ魹ｽﾏｵﾍｳ魹ｽ魹ｽ魹ｽ魹ｽ,魹ｽﾅｻ魹ｽ魹ｽﾖｴ魹ｽ魹ｽ魹ｽ魹ｽ筌ｨ魹ｽﾆｼ魹ｽ魹ｽﾐ｣魹ｽ,P1,魹ｽ魹ｽ魹ｽ魹ｽ魹ｽ,100%,魹ｽﾖｴ魹ｽ魹ｽ魹ｽ魹ｽ魹ｽ魹ｽ魹ｽ魹ｽ魹ｽ魹ｽ魹ｽﾊｵ魹ｽ魹ｽ,ﾇｰ魹ｽﾋｿ魹ｽ魹ｽ魹ｽ,Week 5,Week 5
Phase 2: 魹ｽﾓｾ魹ｽ魹ｽ魹ｽ魹ｽ魹ｽ魹ｽ魹ｽ魹ｽ魹ｽ,魹ｽ魹ｽ魹ｽ魹ｽﾏｵﾍｳ魹ｽ魹ｽ魹ｽ魹ｽ,ﾊｵ魹ｽﾖｸ魹ｽ魹ｽ魹ｽ魹ｽ魹ｽ魹ｽ筌ｨ魹ｽ魹ｽ魹ｽﾉｷ魹ｽ魹ｽ,P1,魹ｽ魹ｽ魹ｽ魹ｽ魹ｽ,100%,魹ｽ魹ｽ魹ｽ魹ｽ魹ｽ魹ｽ魹ｽ魹ｽ魹ｽ魹ｽ魹ｽ魹ｽ魹ｽ魹ｽﾊｵ魹ｽ魹ｽ,ﾇｰ魹ｽﾋｿ魹ｽ魹ｽ魹ｽ,Week 5,Week 5
Phase 2: 魹ｽﾓｾ魹ｽ魹ｽ魹ｽ魹ｽ魹ｽ魹ｽ魹ｽ魹ｽ魹ｽ,魹ｽ魹ｽ魹ｽ魹ｽﾏｵﾍｳ魹ｽ魹ｽ魹ｽ魹ｽ,魹ｽ魹ｽ魹ｽ魹ｽ魹ｽﾔｶ魹ｽ魹ｽ魹ｽ魹ｽ魹ｽ魹ｽ篁ｦ魹ｽ魹ｽ,P1,ﾎｴ魹ｽ魹ｽ魹ｽ,0%,魹ｽ魹ｽ魹ｽ魹ｽ魹ｽ魹ｽ,ﾇｰ魹ｽﾋｿ魹ｽ魹ｽ魹ｽ,Week 8,
Phase 2: 魹ｽﾓｾ魹ｽ魹ｽ魹ｽ魹ｽ魹ｽ魹ｽ魹ｽ魹ｽ魹ｽ,魹ｽ魹ｽ魹ｽ魹ｽﾏｵﾍｳ魹ｽ魹ｽ魹ｽ魹ｽ,ﾊｵ魹ｽ魹ｽ魹ｽ魹ｽ魹ｽ魹ｽﾔ､魹ｽ魹ｽ魹ｽ魹ｽ魹ｽﾐｻ魹ｽ,P1,魹ｽ魹ｽ魹ｽ魹ｽ魹ｽ,100%,魹ｽ魹ｽ魹ｽ魹ｽ魹ｽﾐｻ魹ｽ魹ｽ魹ｽ魹ｽ魹ｽﾊｵ魹ｽ魹ｽ,ﾇｰ魹ｽﾋｿ魹ｽ魹ｽ魹ｽ,Week 5,Week 5
Phase 3: 魹ｽ魹ｽﾈｹ魹ｽ魹ｽﾜｿ魹ｽ魹ｽ魹ｽ,ﾕｽ魹ｽ魹ｽﾏｵﾍｳ,ﾊｵ魹ｽ魹ｽﾕｽ魹ｽ魹ｽ魹ｽ魹ｽﾂｼ魹ｽ豢｢,P2,魹ｽ魹ｽ魹ｽ魹ｽ魹ｽ魹ｽ魹ｽ,50%,魹ｽ魹ｽ魹ｽ魹ｽﾕｽ魹ｽ魹ｽ魹ｽ魹ｽﾂｼ魹ｽ魹ｽﾊｵ魹ｽﾖ｣魹ｽ魹ｽ魹ｽﾒｪ魹ｽ魹ｽ魹ｽ魹ｽ,魹ｽ魹ｽﾋｿ魹ｽ魹ｽ魹ｽ,Week 10,
Phase 3: 魹ｽ魹ｽﾈｹ魹ｽ魹ｽﾜｿ魹ｽ魹ｽ魹ｽ,ﾕｽ魹ｽ魹ｽﾏｵﾍｳ,魹ｽ魹ｽ魹ｽ魹ｽ魹ｽ魹ｽ魹ｽ魹ｽﾍｳ魹ｽ魹ｽﾒｳ魹ｽ魹ｽ,P2,魹ｽ魹ｽ魹ｽ魹ｽ魹ｽ魹ｽ魹ｽ,60%,魹ｽ魹ｽ魹ｽ魹ｽﾍｳ魹ｽ魹ｽﾒｳ魹ｽ魹ｽ魹ｽ魹ｽﾊｵ魹ｽﾖ｣魹ｽ魹ｽ魹ｽﾒｪ魹ｽ魹ｽﾇｿ,ﾇｰ魹ｽﾋｿ魹ｽ魹ｽ魹ｽ,Week 10,
Phase 3: 魹ｽ魹ｽﾈｹ魹ｽ魹ｽﾜｿ魹ｽ魹ｽ魹ｽ,ﾕｽ魹ｽ魹ｽﾏｵﾍｳ,ﾊｵ魹ｽ魹ｽ魹ｽ魹ｽ魹ｽﾐｰ魹ｽ魹ｽ魹ｽ,P2,ﾎｴ魹ｽ魹ｽ魹ｽ,0%,魹ｽ魹ｽ魹ｽ魹ｽ魹ｽ魹ｽ,魹ｽ魹ｽﾋｿ魹ｽ魹ｽ魹ｽ,Week 10,
Phase 3: 魹ｽ魹ｽﾈｹ魹ｽ魹ｽﾜｿ魹ｽ魹ｽ魹ｽ,ﾕｽ魹ｽ魹ｽﾏｵﾍｳ,魹ｽ魹ｽ魹ｽ魹ｽﾕｽ魹ｽ魹ｽ魹ｽ魹ｽ魹ｽ魹ｽ魹ｽ魹ｽ魹ｽ魹ｽ,P2,ﾎｴ魹ｽ魹ｽ魹ｽ,0%,魹ｽ魹ｽ魹ｽ魹ｽ魹ｽ魹ｽ,ﾇｰ魹ｽﾋｿ魹ｽ魹ｽ魹ｽ,Week 11,
Phase 3: 魹ｽ魹ｽﾈｹ魹ｽ魹ｽﾜｿ魹ｽ魹ｽ魹ｽ,ﾕｽ魹ｽ魹ｽﾏｵﾍｳ,ﾊｵ魹ｽ魹ｽ魹ｽ魹ｽ魹ｽﾝｵ魹ｽ魹ｽ魹ｽ魹ｽ魹ｽCSV/JSON魹ｽ魹ｽ,P2,ﾎｴ魹ｽ魹ｽ魹ｽ,0%,魹ｽ魹ｽ魹ｽ魹ｽ魹ｽ魹ｽ,魹ｽ魹ｽﾋｿ魹ｽ魹ｽ魹ｽ,Week 11,
Phase 3: 魹ｽ魹ｽﾈｹ魹ｽ魹ｽﾜｿ魹ｽ魹ｽ魹ｽ,魹ｽﾘｷ魹ｽﾏｵﾍｳ,ﾊｵ魹ｽ魹ｽ魹ｽ魹ｽﾏｷ魹ｽ魹ｽ魹ｽ魹ｽﾂｼ魹ｽ魹ｽ,P2,ﾎｴ魹ｽ魹ｽ魹ｽ,0%,魹ｽ魹ｽ魹ｽ魹ｽ魹ｽ魹ｽ,魹ｽ魹ｽﾋｿ魹ｽ魹ｽ魹ｽ,Week 11,
Phase 3: 魹ｽ魹ｽﾈｹ魹ｽ魹ｽﾜｿ魹ｽ魹ｽ魹ｽ,魹ｽﾘｷ魹ｽﾏｵﾍｳ,魹ｽ魹ｽ魹ｽﾓｻﾘｷﾅｲ魹ｽ魹ｽ魹ｽ魹ｽ魹ｽ,P2,ﾎｴ魹ｽ魹ｽ魹ｽ,0%,魹ｽ魹ｽ魹ｽ魹ｽ魹ｽ魹ｽ,ﾇｰ魹ｽﾋｿ魹ｽ魹ｽ魹ｽ,Week 11,
Phase 3: 魹ｽ魹ｽﾈｹ魹ｽ魹ｽﾜｿ魹ｽ魹ｽ魹ｽ,魹ｽﾘｷ魹ｽﾏｵﾍｳ,ﾊｵ魹ｽﾖｻﾘｷﾅｿ魹ｽ魹ｽﾆ｣魹ｽ魹ｽ魹ｽﾍ｣/魹ｽ魹ｽ魹ｽ/魹ｽ魹ｽﾗｪ魹ｽ魹ｽ,P2,ﾎｴ魹ｽ魹ｽ魹ｽ,0%,魹ｽ魹ｽ魹ｽ魹ｽ魹ｽ魹ｽ,ﾇｰ魹ｽﾋｿ魹ｽ魹ｽ魹ｽ,Week 12,
Phase 3: 魹ｽ魹ｽﾈｹ魹ｽ魹ｽﾜｿ魹ｽ魹ｽ魹ｽ,魹ｽﾘｷ魹ｽﾏｵﾍｳ,魹ｽ魹ｽ魹ｽﾓｻﾘｷﾅｷ魹ｽ魹ｽ魹ｽ魹ｽ魹ｽ魹ｽ魹ｽ,P2,ﾎｴ魹ｽ魹ｽ魹ｽ,0%,魹ｽ魹ｽ魹ｽ魹ｽ魹ｽ魹ｽ,ﾇｰ魹ｽﾋｿ魹ｽ魹ｽ魹ｽ,Week 12,
Phase 3: 魹ｽ魹ｽﾈｹ魹ｽ魹ｽﾜｿ魹ｽ魹ｽ魹ｽ,魹ｽﾟｼ魹ｽ魹ｽ魹ｽ魹ｽ荵ｦ魹ｽ魹ｽ,ﾊｵ魹ｽﾖｷ魹ｽ魹ｽ魹ｽ魹ｽ魹ｽ魹ｽ檉｣魹ｽ魹ｽ,P2,ﾎｴ魹ｽ魹ｽ魹ｽ,0%,魹ｽ魹ｽ魹ｽ魹ｽ魹ｽ魹ｽ,魹ｽ魹ｽﾋｿ魹ｽ魹ｽ魹ｽ,Week 9,
Phase 3: 魹ｽ魹ｽﾈｹ魹ｽ魹ｽﾜｿ魹ｽ魹ｽ魹ｽ,魹ｽﾟｼ魹ｽ魹ｽ魹ｽ魹ｽ荵ｦ魹ｽ魹ｽ,魹ｽ魹ｽ魹ｽﾓｹ魹ｽﾕｽﾄ｣ﾊｽ,P2,ﾎｴ魹ｽ魹ｽ魹ｽ,0%,魹ｽ魹ｽ魹ｽ魹ｽ魹ｽ魹ｽ,魹ｽ魹ｽﾋｿ魹ｽ魹ｽ魹ｽ,Week 9,
Phase 3: 魹ｽ魹ｽﾈｹ魹ｽ魹ｽﾜｿ魹ｽ魹ｽ魹ｽ,魹ｽﾟｼ魹ｽ魹ｽ魹ｽ魹ｽ荵ｦ魹ｽ魹ｽ,ﾊｵ魹ｽﾖｷ魹ｽ魹ｽ魹ｽ魹ｽ魹ｽ魹ｽ魹ｽ魹ｽﾔｶ魹ｽ魹ｽ魹ｽ,P2,ﾎｴ魹ｽ魹ｽ魹ｽ,0%,魹ｽ魹ｽ魹ｽ魹ｽ魹ｽ魹ｽ,魹ｽ魹ｽﾋｿ魹ｽ魹ｽ魹ｽ,Week 9,
Phase 3: 魹ｽ魹ｽﾈｹ魹ｽ魹ｽﾜｿ魹ｽ魹ｽ魹ｽ,魹ｽﾟｼ魹ｽ魹ｽ魹ｽ魹ｽ荵ｦ魹ｽ魹ｽ,魹ｽ魹ｽ魹ｽﾓｷ魹ｽ魹ｽ魹ｽ魹ｽﾕｲﾘｹ魹ｽ魹ｽ魹ｽ,P2,ﾎｴ魹ｽ魹ｽ魹ｽ,0%,魹ｽ魹ｽ魹ｽ魹ｽ魹ｽ魹ｽ,ﾇｰ魹ｽﾋｿ魹ｽ魹ｽ魹ｽ,Week 10,
Phase 3: 魹ｽ魹ｽﾈｹ魹ｽ魹ｽﾜｿ魹ｽ魹ｽ魹ｽ,魹ｽﾟｼ魹ｽ魹ｽ魹ｽ魹ｽ荵ｦ魹ｽ魹ｽ,ﾊｵ魹ｽﾖｷ魹ｽ魹ｽ魹ｽ魹ｽ魹ｽ魹ｽ魹ｽ魹ｽ魹ｽﾉｸﾑ｡,P2,ﾎｴ魹ｽ魹ｽ魹ｽ,0%,魹ｽ魹ｽ魹ｽ魹ｽ魹ｽ魹ｽ,ﾇｰ魹ｽﾋｿ魹ｽ魹ｽ魹ｽ,Week 10,
魹ｽ魹ｽ魹ｽ魹ｽ魹ｽﾅｻ魹ｽ,魹ｽ魹ｽ魹ｽ魹ｽ魹ｽﾅｻ魹ｽ,ﾇｰ魹ｽ魹ｽ魹ｽ魹ｽ魹ｽ魹ｽ魹ｽﾅｻ魹ｽ,P0,ﾎｴ魹ｽ魹ｽ魹ｽ,0%,魹ｽ魹ｽ魹ｽ魹ｽ魹ｽ魹ｽ,ﾇｰ魹ｽﾋｿ魹ｽ魹ｽ魹ｽ,Week 14,
魹ｽ魹ｽ魹ｽ魹ｽ魹ｽﾅｻ魹ｽ,魹ｽ魹ｽ魹ｽ魹ｽ魹ｽﾅｻ魹ｽ,魹ｽ魹ｽ魹ｽﾝｿ魹ｽ魹ｽﾅｻ魹ｽ,P0,ﾎｴ魹ｽ魹ｽ魹ｽ,0%,魹ｽ魹ｽ魹ｽ魹ｽ魹ｽ魹ｽ,魹ｽ魹ｽﾋｿ魹ｽ魹ｽ魹ｽ,Week 14,
魹ｽ魹ｽ魹ｽ魹ｽ魹ｽﾅｻ魹ｽ,魹ｽ魹ｽ魹ｽ魹ｽ魹ｽﾅｻ魹ｽ,魹ｽ魹ｽ魹ｽ魹ｽ魹ｽﾅｻ魹ｽ,P0,ﾎｴ魹ｽ魹ｽ魹ｽ,0%,魹ｽ魹ｽ魹ｽ魹ｽ魹ｽ魹ｽ,魹ｽ魹ｽﾋｿ魹ｽ魹ｽ魹ｽ,Week 14,
魹ｽ魹ｽ魹ｽ魹ｽ魹ｽﾅｻ魹ｽ,魹ｽ魹ｽﾈｫ魹ｽ魹ｽ魹ｽﾅｻ魹ｽ,魹ｽ魹ｽ魹ｽﾝｰ魹ｽﾈｫ,P0,ﾎｴ魹ｽ魹ｽ魹ｽ,0%,魹ｽ魹ｽ魹ｽ魹ｽ魹ｽ魹ｽ,魹ｽ魹ｽﾋｿ魹ｽ魹ｽ魹ｽ,Week 15,
魹ｽ魹ｽ魹ｽ魹ｽ魹ｽﾅｻ魹ｽ,魹ｽ魹ｽﾈｫ魹ｽ魹ｽ魹ｽﾅｻ魹ｽ,魹ｽﾃｻ魹ｽ魹ｽ魹ｽﾈｫ,P0,ﾎｴ魹ｽ魹ｽ魹ｽ,0%,魹ｽ魹ｽ魹ｽ魹ｽ魹ｽ魹ｽ,魹ｽ魹ｽﾋｿ魹ｽ魹ｽ魹ｽ,Week 15,
魹ｽ魹ｽ魹ｽ魹ｽ魹ｽﾅｻ魹ｽ,魹ｽ魹ｽ魹ｽ魹ｽ魹ｽ魹ｽ魹ｽ魹ｽ魹ｽﾅｻ魹ｽ,魹ｽ魹ｽ魹ｽ魹ｽ魹ｽﾘｹ魹ｽ,P1,ﾎｴ魹ｽ魹ｽ魹ｽ,0%,魹ｽ魹ｽ魹ｽ魹ｽ魹ｽ魹ｽ,ﾇｰ魹ｽﾋｿ魹ｽ魹ｽ魹ｽ,Week 16,
魹ｽ魹ｽ魹ｽ魹ｽ魹ｽﾅｻ魹ｽ,魹ｽ魹ｽ魹ｽ魹ｽ魹ｽ魹ｽ魹ｽ魹ｽ魹ｽﾅｻ魹ｽ,魹ｽ魹ｽ魹ｽﾔｸ魹ｽ魹ｽ魹ｽ,P1,魹ｽ魹ｽ魹ｽ魹ｽ魹ｽ魹ｽ魹ｽ,40%,魹ｽ魹ｽ魹ｽﾔｿ魹ｽ魹ｽ魹ｽﾑｴ贛ｨ魹ｽ魹ｽ魹ｽ魹ｽ魹ｽ魹ｽ魹ｽﾊｴ魹ｽ魹ｽ魹ｽ魹ｽ魹ｽ,魹ｽ魹ｽ魹ｽﾔｹ魹ｽ魹ｽ魹ｽﾊｦ,Week 16,
魹ｽ魹ｽ魹ｽ魹ｽ魹ｽ魹ｽ魹ｽ魹ｽ,魹ｽ魹ｽﾔｪ魹ｽ魹ｽ魹ｽ魹ｽ,魹ｽ魹ｽﾏｷ魹ｽ魹ｽ魹ｽ魹ｽ魹ｽﾟｼ魹ｽ魹ｽ魹ｽ魹ｽ魹ｽ,P0,魹ｽ魹ｽ魹ｽ魹ｽ魹ｽ魹ｽ魹ｽ,60%,魹ｽ魹ｽ魹ｽﾖｲ魹ｽ魹ｽ魹ｽ魹ｽ魹ｽ魹ｽ魹ｽ魹ｽ魹ｽﾊｵ魹ｽ魹ｽ,魹ｽ魹ｽ魹ｽﾔｹ魹ｽ魹ｽ魹ｽﾊｦ,Week 15,
魹ｽ魹ｽ魹ｽ魹ｽ魹ｽ魹ｽ魹ｽ魹ｽ,魹ｽ魹ｽﾔｪ魹ｽ魹ｽ魹ｽ魹ｽ,AI 魹ｽ魹ｽ魹ｽ魹ｽ魹ｽ羚ｨ魹ｽ魹ｽ魹ｽ魹ｽ,P0,魹ｽ魹ｽ魹ｽ魹ｽ魹ｽ魹ｽ魹ｽ,50%,魹ｽ魹ｽ魹ｽﾖｲ魹ｽ魹ｽ魹ｽ魹ｽ魹ｽ魹ｽ魹ｽ魹ｽ魹ｽﾊｵ魹ｽ魹ｽ,魹ｽ魹ｽ魹ｽﾔｹ魹ｽ魹ｽ魹ｽﾊｦ,Week 15,
魹ｽ魹ｽ魹ｽ魹ｽ魹ｽ魹ｽ魹ｽ魹ｽ,魹ｽ魹ｽﾔｪ魹ｽ魹ｽ魹ｽ魹ｽ,ﾗｴﾌｬ魹ｽ魹ｽ魹ｽ魹ｽ魹ｽ魹ｽ魹ｽ魹ｽ,P0,魹ｽ魹ｽ魹ｽ魹ｽ魹ｽ魹ｽ魹ｽ,60%,魹ｽ魹ｽ魹ｽﾖｲ魹ｽ魹ｽ魹ｽ魹ｽ魹ｽ魹ｽ魹ｽ魹ｽ魹ｽﾊｵ魹ｽ魹ｽ,魹ｽ魹ｽ魹ｽﾔｹ魹ｽ魹ｽ魹ｽﾊｦ,Week 15,
魹ｽ魹ｽ魹ｽ魹ｽ魹ｽ魹ｽ魹ｽ魹ｽ,魹ｽ魹ｽﾔｪ魹ｽ魹ｽ魹ｽ魹ｽ,魹ｽ魹ｽ魹ｽﾟｺ魹ｽ魹ｽ魹ｽ魹ｽ魹ｽ魹ｽ魹ｽ,P0,魹ｽ魹ｽ魹ｽ魹ｽ魹ｽ魹ｽ魹ｽ,70%,魹ｽ魹ｽ魹ｽﾖｲ魹ｽ魹ｽ魹ｽ魹ｽ魹ｽ魹ｽ魹ｽ魹ｽ魹ｽﾊｵ魹ｽ魹ｽ,魹ｽ魹ｽ魹ｽﾔｹ魹ｽ魹ｽ魹ｽﾊｦ,Week 15,
魹ｽ魹ｽ魹ｽ魹ｽ魹ｽ魹ｽ魹ｽ魹ｽ,魹ｽ魹ｽﾔｪ魹ｽ魹ｽ魹ｽ魹ｽ,魹ｽ魹ｽ魹ｽ魹ｽﾟｼ魹ｽ魹ｽ魹ｽ魹ｽ魹ｽ,P0,ﾎｴ魹ｽ魹ｽ魹ｽ,0%,魹ｽ魹ｽ魹ｽ魹ｽ魹ｽ魹ｽ,魹ｽ魹ｽ魹ｽﾔｹ魹ｽ魹ｽ魹ｽﾊｦ,Week 15,
魹ｽ魹ｽ魹ｽ魹ｽ魹ｽ魹ｽ魹ｽ魹ｽ,魹ｽ魹ｽ魹ｽﾉｲ魹ｽ魹ｽ魹ｽ,魹ｽ魹ｽ魹ｽ魹ｽ魹ｽ魹ｽ魹ｽ魹ｽ魹ｽ魹ｽﾌｲ魹ｽ魹ｽ魹ｽ,P0,ﾎｴ魹ｽ魹ｽ魹ｽ,0%,魹ｽ魹ｽ魹ｽ魹ｽ魹ｽ魹ｽ,魹ｽ魹ｽ魹ｽﾔｹ魹ｽ魹ｽ魹ｽﾊｦ,Week 15,
魹ｽ魹ｽ魹ｽ魹ｽ魹ｽ魹ｽ魹ｽ魹ｽ,魹ｽ魹ｽ魹ｽﾉｲ魹ｽ魹ｽ魹ｽ,魹ｽ魹ｽﾏｷﾗｴﾌｬﾍｬ魹ｽ魹ｽ魹ｽ魹ｽ魹ｽ魹ｽ,P0,ﾎｴ魹ｽ魹ｽ魹ｽ,0%,魹ｽ魹ｽ魹ｽ魹ｽ魹ｽ魹ｽ,魹ｽ魹ｽ魹ｽﾔｹ魹ｽ魹ｽ魹ｽﾊｦ,Week 15,
魹ｽ魹ｽ魹ｽ魹ｽ魹ｽ魹ｽ魹ｽ魹ｽ,魹ｽ魹ｽ魹ｽﾉｲ魹ｽ魹ｽ魹ｽ,ﾊｵﾊｱ魹ｽ魹ｽﾏ｢魹ｽ魹ｽ魹ｽﾝｲ魹ｽ魹ｽ魹ｽ,P0,ﾎｴ魹ｽ魹ｽ魹ｽ,0%,魹ｽ魹ｽ魹ｽ魹ｽ魹ｽ魹ｽ,魹ｽ魹ｽ魹ｽﾔｹ魹ｽ魹ｽ魹ｽﾊｦ,Week 15,
魹ｽ魹ｽ魹ｽ魹ｽ魹ｽ魹ｽ魹ｽ魹ｽ,魹ｽ魹ｽ魹ｽﾉｲ魹ｽ魹ｽ魹ｽ,魹ｽ魹ｽ魹ｽﾝｿ魹ｽ魹ｽ魹ｽ魹ｽ魹ｽ魹ｽ魹ｽ魹ｽ,P0,ﾎｴ魹ｽ魹ｽ魹ｽ,0%,魹ｽ魹ｽ魹ｽ魹ｽ魹ｽ魹ｽ,魹ｽ魹ｽ魹ｽﾔｹ魹ｽ魹ｽ魹ｽﾊｦ,Week 15,
魹ｽ魹ｽ魹ｽ魹ｽ魹ｽ魹ｽ魹ｽ魹ｽ,魹ｽ魹ｽ魹ｽﾉｲ魹ｽ魹ｽ魹ｽ,API 魹ｽﾓｿﾚｵ魹ｽ魹ｽﾃｲ魹ｽ魹ｽ魹ｽ,P0,ﾎｴ魹ｽ魹ｽ魹ｽ,0%,魹ｽ魹ｽ魹ｽ魹ｽ魹ｽ魹ｽ,魹ｽ魹ｽ魹ｽﾔｹ魹ｽ魹ｽ魹ｽﾊｦ,Week 15,
魹ｽ魹ｽ魹ｽ魹ｽ魹ｽ魹ｽ魹ｽ魹ｽ,E2E 魹ｽ魹ｽ魹ｽ魹ｽ,魹ｽﾃｻ魹ｽﾗ｢魹ｽ魹ｽ/魹ｽ魹ｽﾂｼ魹ｽ魹ｽ魹ｽﾌｲ魹ｽ魹ｽ魹ｽ,P0,魹ｽ魹ｽ魹ｽ魹ｽ魹ｽ魹ｽ魹ｽ,50%,魹ｽ魹ｽ魹ｽ魹ｽE2E魹ｽ魹ｽ魹ｽ魹ｽ魹ｽ魹ｽﾊｵ魹ｽ魹ｽ,魹ｽ魹ｽ魹ｽﾔｹ魹ｽ魹ｽ魹ｽﾊｦ,Week 16,
魹ｽ魹ｽ魹ｽ魹ｽ魹ｽ魹ｽ魹ｽ魹ｽ,E2E 魹ｽ魹ｽ魹ｽ魹ｽ,魹ｽ魹ｽ魹ｽ魹ｽ/魹ｽ魹ｽ魹ｽ櫧ｿ魹ｽ魹ｽ魹ｽ魹ｽ魹ｽﾌｲ魹ｽ魹ｽ魹ｽ,P0,魹ｽ魹ｽ魹ｽ魹ｽ魹ｽ魹ｽ魹ｽ,50%,魹ｽ魹ｽ魹ｽ魹ｽE2E魹ｽ魹ｽ魹ｽ魹ｽ魹ｽ魹ｽﾊｵ魹ｽ魹ｽ,魹ｽ魹ｽ魹ｽﾔｹ魹ｽ魹ｽ魹ｽﾊｦ,Week 16,
魹ｽ魹ｽ魹ｽ魹ｽ魹ｽ魹ｽ魹ｽ魹ｽ,E2E 魹ｽ魹ｽ魹ｽ魹ｽ,魹ｽ魹ｽ魹ｽ魹ｽ魹ｽ魹ｽﾏｷ魹ｽ魹ｽ魹ｽﾌｲ魹ｽ魹ｽ魹ｽ,P0,魹ｽ魹ｽ魹ｽ魹ｽ魹ｽ魹ｽ魹ｽ,40%,魹ｽ魹ｽ魹ｽ魹ｽE2E魹ｽ魹ｽ魹ｽ魹ｽ魹ｽ魹ｽﾊｵ魹ｽ魹ｽ,魹ｽ魹ｽ魹ｽﾔｹ魹ｽ魹ｽ魹ｽﾊｦ,Week 16,
魹ｽ魹ｽ魹ｽ魹ｽ魹ｽ魹ｽ魹ｽ魹ｽ,E2E 魹ｽ魹ｽ魹ｽ魹ｽ,AI 魹ｽ魹ｽﾕｽ魹ｽ魹ｽ魹ｽﾌｲ魹ｽ魹ｽ魹ｽ,P0,魹ｽ魹ｽ魹ｽ魹ｽ魹ｽ魹ｽ魹ｽ,40%,魹ｽ魹ｽ魹ｽ魹ｽE2E魹ｽ魹ｽ魹ｽ魹ｽ魹ｽ魹ｽﾊｵ魹ｽ魹ｽ,魹ｽ魹ｽ魹ｽﾔｹ魹ｽ魹ｽ魹ｽﾊｦ,Week 16,
魹ｽ魹ｽ魹ｽ魹ｽ魹ｽ魹ｽ魹ｽ魹ｽ,E2E 魹ｽ魹ｽ魹ｽ魹ｽ,魹ｽ魹ｽ魹ｽ魹ｽﾊｵﾊｱ魹ｽ魹ｽﾕｽ魹ｽ魹ｽ魹ｽﾌｲ魹ｽ魹ｽ魹ｽ,P0,魹ｽ魹ｽ魹ｽ魹ｽ魹ｽ魹ｽ魹ｽ,30%,魹ｽ魹ｽ魹ｽ魹ｽE2E魹ｽ魹ｽ魹ｽ魹ｽ魹ｽ魹ｽﾊｵ魹ｽ魹ｽ,魹ｽ魹ｽ魹ｽﾔｹ魹ｽ魹ｽ魹ｽﾊｦ,Week 16,
魹ｽ魹ｽ魹ｽ魹ｽ魹ｽ魹ｽ魹ｽ魹ｽ,E2E 魹ｽ魹ｽ魹ｽ魹ｽ,魹ｽ瑭｣魹ｽ魹ｽ魹ｽ魹ｽ魹ｽ魹ｽ魹ｽ魹ｽ魹ｽ魹ｽ魹ｽ,P0,ﾎｴ魹ｽ魹ｽ魹ｽ,0%,魹ｽ魹ｽ魹ｽ魹ｽ魹ｽ魹ｽ,魹ｽ魹ｽ魹ｽﾔｹ魹ｽ魹ｽ魹ｽﾊｦ,Week 16,
魹ｽ魹ｽ魹ｽ魹ｽ魹ｽ魹ｽ魹ｽ魹ｽ,魹ｽ魹ｽ魹ｽﾜｲ魹ｽ魹ｽ魹ｽ,ﾒｳ魹ｽ魹ｽ魹ｽ魹ｽ魹ｽ魹ｽ魹ｽ魹ｽﾜｲ魹ｽ魹ｽ魹ｽ,P0,ﾎｴ魹ｽ魹ｽ魹ｽ,0%,魹ｽ魹ｽ魹ｽ魹ｽ魹ｽ魹ｽ,魹ｽ魹ｽ魹ｽﾔｹ魹ｽ魹ｽ魹ｽﾊｦ,Week 16,
魹ｽ魹ｽ魹ｽ魹ｽ魹ｽ魹ｽ魹ｽ魹ｽ,魹ｽ魹ｽ魹ｽﾜｲ魹ｽ魹ｽ魹ｽ,魹ｽ魹ｽ魹ｽ魹ｽ魹ｽﾃｻ魹ｽﾑｹ魹ｽ魹ｽ魹ｽ魹ｽ魹ｽ魹ｽ,P0,ﾎｴ魹ｽ魹ｽ魹ｽ,0%,魹ｽ魹ｽ魹ｽ魹ｽ魹ｽ魹ｽ,魹ｽ魹ｽ魹ｽﾔｹ魹ｽ魹ｽ魹ｽﾊｦ,Week 16,
魹ｽ魹ｽ魹ｽ魹ｽ魹ｽ魹ｽ魹ｽ魹ｽ,魹ｽ魹ｽ魹ｽﾜｲ魹ｽ魹ｽ魹ｽ,魹ｽ魹ｽ魹ｽﾝｿ魹ｽ魹ｽﾑｯ魹ｽ魹ｽ魹ｽﾜｲ魹ｽ魹ｽ魹ｽ,P0,ﾎｴ魹ｽ魹ｽ魹ｽ,0%,魹ｽ魹ｽ魹ｽ魹ｽ魹ｽ魹ｽ,魹ｽ魹ｽ魹ｽﾔｹ魹ｽ魹ｽ魹ｽﾊｦ,Week 16,
魹ｽ魹ｽ魹ｽ魹ｽ魹ｽ魹ｽ魹ｽ魹ｽ,魹ｽ魹ｽ魹ｽﾜｲ魹ｽ魹ｽ魹ｽ,魹ｽﾚｴ魹ｽﾐｹﾂｩ魹ｽ魹ｽ魹ｽ,P0,ﾎｴ魹ｽ魹ｽ魹ｽ,0%,魹ｽ魹ｽ魹ｽ魹ｽ魹ｽ魹ｽ,魹ｽ魹ｽ魹ｽﾔｹ魹ｽ魹ｽ魹ｽﾊｦ,Week 16,
魹ｽ魹ｽ魹ｽ魹ｽ魹ｽ魹ｽ魹ｽ魹ｽ,魹ｽ魹ｽ魹ｽﾜｲ魹ｽ魹ｽ魹ｽ,魹ｽ魹ｽﾊｱ魹ｽ魹ｽ魹ｽ魹ｽ魹ｽ魹ｽ魹ｽﾈｶ魹ｽ魹ｽﾔｲ魹ｽ魹ｽ魹ｽ,P0,ﾎｴ魹ｽ魹ｽ魹ｽ,0%,魹ｽ魹ｽ魹ｽ魹ｽ魹ｽ魹ｽ,魹ｽ魹ｽ魹ｽﾔｹ魹ｽ魹ｽ魹ｽﾊｦ,Week 16,
魹ｽ魹ｽ魹ｽ魹ｽ魹ｽ魹ｽ魹ｽ魹ｽ,魹ｽ魹ｽ魹ｽ魹ｽ魹ｽﾔｲ魹ｽ魹ｽ魹ｽ,魹ｽ魹ｽ魹ｽ魹ｽ魹ｽ魹ｽ魹ｽ魹ｽ魹ｽ魹ｽﾔｲ魹ｽ魹ｽ魹ｽ,P0,ﾎｴ魹ｽ魹ｽ魹ｽ,0%,魹ｽ魹ｽ魹ｽ魹ｽ魹ｽ魹ｽ,魹ｽ魹ｽ魹ｽﾔｹ魹ｽ魹ｽ魹ｽﾊｦ,Week 16,
魹ｽ魹ｽ魹ｽ魹ｽ魹ｽ魹ｽ魹ｽ魹ｽ,魹ｽ魹ｽ魹ｽ魹ｽ魹ｽﾔｲ魹ｽ魹ｽ魹ｽ,魹ｽﾆｶ魹ｽ魹ｽ魹ｽ魹ｽ魹ｽ魹ｽ魹ｽ魹ｽ魹ｽ魹ｽ,P0,ﾎｴ魹ｽ魹ｽ魹ｽ,0%,魹ｽ魹ｽ魹ｽ魹ｽ魹ｽ魹ｽ,魹ｽ魹ｽ魹ｽﾔｹ魹ｽ魹ｽ魹ｽﾊｦ,Week 16,
魹ｽ魹ｽ魹ｽ魹ｽ魹ｽ魹ｽ魹ｽ魹ｽ,魹ｽ魹ｽ魹ｽ魹ｽ魹ｽﾔｲ魹ｽ魹ｽ魹ｽ,魹ｽ魹ｽﾄｻ魹ｽﾖｱ魹ｽ魹ｽ魹ｽ魹ｽ魹ｽ魹ｽ魹ｽ魹ｽ魹ｽ魹ｽ,P0,ﾎｴ魹ｽ魹ｽ魹ｽ,0%,魹ｽ魹ｽ魹ｽ魹ｽ魹ｽ魹ｽ,魹ｽ魹ｽ魹ｽﾔｹ魹ｽ魹ｽ魹ｽﾊｦ,Week 16,
魹ｽ魹ｽ魹ｽ魹ｽ魹ｽ魹ｽ魹ｽ魹ｽ,魹ｽ魹ｽ魹ｽ魹ｽ魹ｽﾔｲ魹ｽ魹ｽ魹ｽ,魹ｽ魹ｽ魹ｽ扈ｷ魹ｽ魹ｽ魹ｽ魹ｽ魹ｽ魹ｽ魹ｽ魹ｽ魹ｽ,P0,ﾎｴ魹ｽ魹ｽ魹ｽ,0%,魹ｽ魹ｽ魹ｽ魹ｽ魹ｽ魹ｽ,魹ｽ魹ｽ魹ｽﾔｹ魹ｽ魹ｽ魹ｽﾊｦ,Week 16,
魹ｽﾄｵ魹ｽ魹ｽ魹ｽﾐｴ,魹ｽ魹ｽ魹ｽ魹ｽ魹ｽﾄｵ魹ｽ,API 魹ｽﾓｿ魹ｽ魹ｽﾄｵ魹ｽ,P1,ﾎｴ魹ｽ魹ｽ魹ｽ,0%,魹ｽ魹ｽ魹ｽ魹ｽﾐｴ,魹ｽ魹ｽﾋｿ魹ｽ魹ｽ魹ｽ,Week 17,
魹ｽﾄｵ魹ｽ魹ｽ魹ｽﾐｴ,魹ｽ魹ｽ魹ｽ魹ｽ魹ｽﾄｵ魹ｽ,魹ｽ魹ｽ魹ｽﾝｿ魹ｽ魹ｽ魹ｽ魹ｽ魹ｽﾄｵ魹ｽ,P1,ﾎｴ魹ｽ魹ｽ魹ｽ,0%,魹ｽ魹ｽ魹ｽ魹ｽﾐｴ,魹ｽ魹ｽﾋｿ魹ｽ魹ｽ魹ｽ,Week 17,
魹ｽﾄｵ魹ｽ魹ｽ魹ｽﾐｴ,魹ｽ魹ｽ魹ｽ魹ｽ魹ｽﾄｵ魹ｽ,魹ｽﾜｹ魹ｽ魹ｽ魹ｽ魹ｽ魹ｽﾄｵ魹ｽ,P1,ﾎｴ魹ｽ魹ｽ魹ｽ,0%,魹ｽ魹ｽ魹ｽ魹ｽﾐｴ,魹ｽﾜｹ魹ｽﾊｦ,Week 17,
魹ｽﾄｵ魹ｽ魹ｽ魹ｽﾐｴ,魹ｽ魹ｽ魹ｽ魹ｽ魹ｽﾄｵ魹ｽ,魹ｽ魹ｽ魹ｽﾊｹ魹ｽ魹ｽ魹ｽﾄｵ魹ｽ,P1,ﾎｴ魹ｽ魹ｽ魹ｽ,0%,魹ｽ魹ｽ魹ｽ魹ｽﾐｴ,ﾇｰ魹ｽﾋｿ魹ｽ魹ｽ魹ｽ,Week 17,
魹ｽﾄｵ魹ｽ魹ｽ魹ｽﾐｴ,魹ｽ魹ｽ魹ｽ魹ｽ魹ｽﾄｵ魹ｽ,ﾗｴﾌｬ魹ｽ魹ｽ魹ｽ魹ｽ魹ｽﾄｵ魹ｽ,P1,ﾎｴ魹ｽ魹ｽ魹ｽ,0%,魹ｽ魹ｽ魹ｽ魹ｽﾐｴ,ﾇｰ魹ｽﾋｿ魹ｽ魹ｽ魹ｽ,Week 17,
魹ｽﾄｵ魹ｽ魹ｽ魹ｽﾐｴ,魹ｽ魹ｽ魹ｽ魹ｽ魹ｽﾄｵ魹ｽ,魹ｽ魹ｽ魹ｽ魹ｽ魹ｽ魹ｽ魹ｽ魹ｽﾖｸ魹ｽ魹ｽ,P1,ﾎｴ魹ｽ魹ｽ魹ｽ,0%,魹ｽ魹ｽ魹ｽ魹ｽﾐｴ,魹ｽ魹ｽﾎｬ魹ｽ魹ｽ魹ｽ魹ｽﾊｦ,Week 18,
魹ｽﾄｵ魹ｽ魹ｽ魹ｽﾐｴ,魹ｽ魹ｽ魹ｽ魹ｽ魹ｽﾄｵ魹ｽ,魹ｽ魹ｽ魹ｽ魹ｽ魹ｽ魹ｽ魹ｽﾄｵ魹ｽ,P1,ﾎｴ魹ｽ魹ｽ魹ｽ,0%,魹ｽ魹ｽ魹ｽ魹ｽﾐｴ,魹ｽ魹ｽﾎｬ魹ｽ魹ｽ魹ｽ魹ｽﾊｦ,Week 18,
魹ｽﾄｵ魹ｽ魹ｽ魹ｽﾐｴ,魹ｽ魹ｽ魹ｽ魹ｽ魹ｽﾄｵ魹ｽ,魹ｽ魹ｽ魹ｽ魹ｽ魹ｽﾅｲ魹ｽﾖｸ魹ｽ魹ｽ,P1,ﾎｴ魹ｽ魹ｽ魹ｽ,0%,魹ｽ魹ｽ魹ｽ魹ｽﾐｴ,魹ｽ魹ｽﾎｬ魹ｽ魹ｽ魹ｽ魹ｽﾊｦ,Week 18,
魹ｽﾄｵ魹ｽ魹ｽ魹ｽﾐｴ,魹ｽ魹ｽ魹ｽ魹ｽ魹ｽﾄｵ魹ｽ,魹ｽﾘｹ魹ｽ魹ｽ魹ｽ魹ｽ魹ｽ魹ｽﾄｵ魹ｽ,P1,ﾎｴ魹ｽ魹ｽ魹ｽ,0%,魹ｽ魹ｽ魹ｽ魹ｽﾐｴ,魹ｽ魹ｽﾎｬ魹ｽ魹ｽ魹ｽ魹ｽﾊｦ,Week 18,
魹ｽﾄｵ魹ｽ魹ｽ魹ｽﾐｴ,魹ｽﾃｻ魹ｽ魹ｽﾄｵ魹ｽ,魹ｽ魹ｽ魹ｽ魹ｽ魹ｽ魹ｽ魹ｽ魹ｽﾖｸ魹ｽ魹ｽ,P1,ﾎｴ魹ｽ魹ｽ魹ｽ,0%,魹ｽ魹ｽ魹ｽ魹ｽﾐｴ,魹ｽ魹ｽﾆｷ魹ｽ魹ｽ魹ｽ魹ｽ,Week 18,
魹ｽﾄｵ魹ｽ魹ｽ魹ｽﾐｴ,魹ｽﾃｻ魹ｽ魹ｽﾄｵ魹ｽ,魹ｽ魹ｽﾏｷ魹ｽ魹ｽ魹ｽ魹ｽﾋｵ魹ｽ魹ｽ,P1,ﾎｴ魹ｽ魹ｽ魹ｽ,0%,魹ｽ魹ｽ魹ｽ魹ｽﾐｴ,魹ｽ魹ｽﾆｷ魹ｽ魹ｽ魹ｽ魹ｽ,Week 18,
魹ｽﾄｵ魹ｽ魹ｽ魹ｽﾐｴ,魹ｽﾃｻ魹ｽ魹ｽﾄｵ魹ｽ,魹ｽ魹ｽ魹ｽ魹ｽﾊｹ魹ｽﾃｽﾌｳ魹ｽ,P1,ﾎｴ魹ｽ魹ｽ魹ｽ,0%,魹ｽ魹ｽ魹ｽ魹ｽﾐｴ,魹ｽ魹ｽﾆｷ魹ｽ魹ｽ魹ｽ魹ｽ,Week 18,
魹ｽﾄｵ魹ｽ魹ｽ魹ｽﾐｴ,魹ｽﾃｻ魹ｽ魹ｽﾄｵ魹ｽ,魹ｽ魹ｽ魹ｽ魹ｽ魹ｽ魹ｽ魹ｽ魹ｽ魹ｽ魹ｽ,P1,ﾎｴ魹ｽ魹ｽ魹ｽ,0%,魹ｽ魹ｽ魹ｽ魹ｽﾐｴ,魹ｽ魹ｽﾆｷ魹ｽ魹ｽ魹ｽ魹ｽ,Week 18,
魹ｽﾄｵ魹ｽ魹ｽ魹ｽﾐｴ,魹ｽ魹ｽﾎｬ魹ｽﾄｵ魹ｽ,魹ｽ魹ｽ魹ｽﾖｸ魹ｽ魹ｽﾋｵ魹ｽ魹ｽ,P1,ﾎｴ魹ｽ魹ｽ魹ｽ,0%,魹ｽ魹ｽ魹ｽ魹ｽﾐｴ,魹ｽ魹ｽﾎｬ魹ｽ魹ｽ魹ｽ魹ｽﾊｦ,Week 19,
魹ｽﾄｵ魹ｽ魹ｽ魹ｽﾐｴ,魹ｽ魹ｽﾎｬ魹ｽﾄｵ魹ｽ,魹ｽ魹ｽﾖｾ魹ｽ魹ｽ魹ｽ魹ｽﾖｸ魹ｽ魹ｽ,P1,ﾎｴ魹ｽ魹ｽ魹ｽ,0%,魹ｽ魹ｽ魹ｽ魹ｽﾐｴ,魹ｽ魹ｽﾎｬ魹ｽ魹ｽ魹ｽ魹ｽﾊｦ,Week 19,
魹ｽﾄｵ魹ｽ魹ｽ魹ｽﾐｴ,魹ｽ魹ｽﾎｬ魹ｽﾄｵ魹ｽ,魹ｽ魹ｽ魹ｽﾝｻﾖｸ魹ｽ魹ｽ魹ｽ魹ｽ魹ｽ,P1,ﾎｴ魹ｽ魹ｽ魹ｽ,0%,魹ｽ魹ｽ魹ｽ魹ｽﾐｴ,魹ｽ魹ｽﾎｬ魹ｽ魹ｽ魹ｽ魹ｽﾊｦ,Week 19,
魹ｽﾄｵ魹ｽ魹ｽ魹ｽﾐｴ,魹ｽ魹ｽﾎｬ魹ｽﾄｵ魹ｽ,ﾓｦ魹ｽ魹ｽ魹ｽ魹ｽ魹ｽ魹ｽﾔ､魹ｽ魹ｽ,P1,ﾎｴ魹ｽ魹ｽ魹ｽ,0%,魹ｽ魹ｽ魹ｽ魹ｽﾐｴ,魹ｽ魹ｽﾎｬ魹ｽ魹ｽ魹ｽ魹ｽﾊｦ,Week 19,
魹ｽ魹ｽ魹ｽ魹ｽ魹ｽ魹ｽ魹ｽ魹ｽ,ﾔ､魹ｽ魹ｽ魹ｽ魹ｽ魹ｽﾗｶ魹ｽ,魹ｽ魹ｽ魹ｽ魹ｽﾗｼ魹ｽ魹ｽ,P0,ﾎｴ魹ｽ魹ｽ魹ｽ,0%,魹ｽ魹ｽﾗｼ魹ｽ魹ｽ,魹ｽ魹ｽﾎｬ魹ｽ魹ｽ魹ｽ魹ｽﾊｦ,Week 17,
魹ｽ魹ｽ魹ｽ魹ｽ魹ｽ魹ｽ魹ｽ魹ｽ,ﾔ､魹ｽ魹ｽ魹ｽ魹ｽ魹ｽﾗｶ魹ｽ,魹ｽ魹ｽ魹ｽ魹ｽﾗｼ魹ｽ魹ｽ,P0,ﾎｴ魹ｽ魹ｽ魹ｽ,0%,魹ｽ魹ｽﾗｼ魹ｽ魹ｽ,魹ｽ魹ｽ魹ｽ魹ｽ魹ｽﾅｶ魹ｽ,Week 18,
魹ｽ魹ｽ魹ｽ魹ｽ魹ｽ魹ｽ魹ｽ魹ｽ,ﾔ､魹ｽ魹ｽ魹ｽ魹ｽ魹ｽﾗｶ魹ｽ,ﾔ､魹ｽ魹ｽ魹ｽ魹ｽ魹ｽ魹ｽ魹ｽ魹ｽ,P0,ﾎｴ魹ｽ魹ｽ魹ｽ,0%,魹ｽ魹ｽﾖｴ魹ｽ魹ｽ,魹ｽ魹ｽ魹ｽﾔｹ魹ｽ魹ｽ魹ｽﾊｦ,Week 18,
魹ｽ魹ｽ魹ｽ魹ｽ魹ｽ魹ｽ魹ｽ魹ｽ,魹ｽ魹ｽﾊｽ魹ｽ魹ｽ魹ｽ魹ｽ魹ｽﾗｶ魹ｽ,魹ｽﾒｶﾈｷ魹ｽ魹ｽ魹ｽ,P0,ﾎｴ魹ｽ魹ｽ魹ｽ,0%,魹ｽ魹ｽﾖｴ魹ｽ魹ｽ,魹ｽ魹ｽﾎｬ魹ｽ魹ｽ魹ｽ魹ｽﾊｦ,Week 19,
魹ｽ魹ｽ魹ｽ魹ｽ魹ｽ魹ｽ魹ｽ魹ｽ,魹ｽ魹ｽﾊｽ魹ｽ魹ｽ魹ｽ魹ｽ魹ｽﾗｶ魹ｽ,ﾈｫ魹ｽ魹ｽ魹ｽ魹ｽ魹ｽ魹ｽ,P0,ﾎｴ魹ｽ魹ｽ魹ｽ,0%,魹ｽ魹ｽﾖｴ魹ｽ魹ｽ,魹ｽ魹ｽﾎｬ魹ｽ魹ｽ魹ｽ魹ｽﾊｦ,Week 19,
魹ｽ魹ｽ魹ｽ魹ｽ魹ｽ魹ｽ魹ｽ魹ｽ,魹ｽ魹ｽﾊｽ魹ｽ魹ｽ魹ｽ魹ｽ魹ｽﾗｶ魹ｽ,魹ｽ魹ｽ魹ｽ魹ｽ魹ｽ魹ｽ魹ｽ魹ｽﾖ､,P0,ﾎｴ魹ｽ魹ｽ魹ｽ,0%,魹ｽ魹ｽﾖｴ魹ｽ魹ｽ,魹ｽ魹ｽﾎｬ魹ｽ魹ｽ魹ｽ魹ｽﾊｦ,Week 20,
魹ｽ魹ｽﾎｬ魹ｽ魹ｽ魹ｽ,魹ｽ魹ｽ魹ｽﾏｵﾍｳ,ﾓｦ魹ｽﾃｼ魹ｽ魹ｽ,P0,ﾎｴ魹ｽ魹ｽ魹ｽ,0%,魹ｽ魹ｽ魹ｽ魹ｽ魹ｽ魹ｽ,魹ｽ魹ｽﾎｬ魹ｽ魹ｽ魹ｽ魹ｽﾊｦ,Week 19,
魹ｽ魹ｽﾎｬ魹ｽ魹ｽ魹ｽ,魹ｽ魹ｽ魹ｽﾏｵﾍｳ,ﾏｵﾍｳ魹ｽ魹ｽ魹ｽ,P0,ﾎｴ魹ｽ魹ｽ魹ｽ,0%,魹ｽ魹ｽ魹ｽ魹ｽ魹ｽ魹ｽ,魹ｽ魹ｽﾎｬ魹ｽ魹ｽ魹ｽ魹ｽﾊｦ,Week 19,
魹ｽ魹ｽﾎｬ魹ｽ魹ｽ魹ｽ,魹ｽ魹ｽ魹ｽﾏｵﾍｳ,魹ｽ魹ｽ魹ｽﾝｿ魹ｽ魹ｽ魹ｽ,P0,ﾎｴ魹ｽ魹ｽ魹ｽ,0%,魹ｽ魹ｽ魹ｽ魹ｽ魹ｽ魹ｽ,魹ｽ魹ｽﾎｬ魹ｽ魹ｽ魹ｽ魹ｽﾊｦ,Week 19,
魹ｽ魹ｽﾎｬ魹ｽ魹ｽ魹ｽ,魹ｽ貔ｯ魹ｽ魹ｽ魹ｽ魹ｽ,魹ｽ貔ｯ魹ｽ魹ｽ魹ｽ魹ｽ魹ｽ魹ｽ魹ｽ魹ｽ,P0,ﾎｴ魹ｽ魹ｽ魹ｽ,0%,魹ｽ魹ｽ魹ｽ魹ｽ魹ｽ魹ｽ,魹ｽ魹ｽﾎｬ魹ｽ魹ｽ魹ｽ魹ｽﾊｦ,Week 19,
魹ｽ魹ｽﾎｬ魹ｽ魹ｽ魹ｽ,魹ｽ貔ｯ魹ｽ魹ｽ魹ｽ魹ｽ,魹ｽ貔ｯ魹ｽ魹ｽ魹ｽ魹ｽ魹ｽ魹ｽ魹ｽ魹ｽ,P0,ﾎｴ魹ｽ魹ｽ魹ｽ,0%,魹ｽ魹ｽ魹ｽ魹ｽ魹ｽ魹ｽ,魹ｽ魹ｽﾎｬ魹ｽ魹ｽ魹ｽ魹ｽﾊｦ,Week 19,
魹ｽ魹ｽﾎｬ魹ｽ魹ｽ魹ｽ,魹ｽ魹ｽﾖｾ魹ｽ魹ｽ魹ｽ魹ｽ,魹ｽ魹ｽﾖｾ魹ｽﾕｼ魹ｽ,P0,ﾎｴ魹ｽ魹ｽ魹ｽ,0%,魹ｽ魹ｽ魹ｽ魹ｽ魹ｽ魹ｽ,魹ｽ魹ｽﾎｬ魹ｽ魹ｽ魹ｽ魹ｽﾊｦ,Week 19,
魹ｽ魹ｽﾎｬ魹ｽ魹ｽ魹ｽ,魹ｽ魹ｽﾖｾ魹ｽ魹ｽ魹ｽ魹ｽ,魹ｽ魹ｽﾖｾ魹ｽ魹ｽ魹ｽ魹ｽ,P0,ﾎｴ魹ｽ魹ｽ魹ｽ,0%,魹ｽ魹ｽ魹ｽ魹ｽ魹ｽ魹ｽ,魹ｽ魹ｽﾎｬ魹ｽ魹ｽ魹ｽ魹ｽﾊｦ,Week 19,
魹ｽ魹ｽﾎｬ魹ｽ魹ｽ魹ｽ,魹ｽ魹ｽ魹ｽﾝｲ魹ｽ魹ｽ魹ｽ,魹ｽ魹ｽ魹ｽﾝｱ魹ｽ魹ｽ魹ｽ,P0,ﾎｴ魹ｽ魹ｽ魹ｽ,0%,魹ｽ魹ｽ魹ｽ魹ｽ魹ｽ魹ｽ,魹ｽ魹ｽﾎｬ魹ｽ魹ｽ魹ｽ魹ｽﾊｦ,Week 20,
魹ｽ魹ｽﾎｬ魹ｽ魹ｽ魹ｽ,魹ｽ魹ｽ魹ｽﾝｲ魹ｽ魹ｽ魹ｽ,魹ｽ魹ｽ魹ｽﾑｻﾖｸ魹ｽ,P0,ﾎｴ魹ｽ魹ｽ魹ｽ,0%,魹ｽ魹ｽ魹ｽ魹ｽ魹ｽ魹ｽ,魹ｽ魹ｽﾎｬ魹ｽ魹ｽ魹ｽ魹ｽﾊｦ,Week 20,
魹ｽ魹ｽ魹ｽ魹ｽﾉｹ魹ｽ魹ｽ魹ｽ,魹ｽ魹ｽ魹ｽ魹ｽ魹ｽ魹ｽﾏｷ魹ｽ魹ｽ魹ｽ魹ｽ,魹ｽ襍ｰ魹ｽ魹ｽ魹ｽ魹ｽﾊｵ魹ｽ魹ｽ,P0,魹ｽ魹ｽ魹ｽ魹ｽ魹ｽ,100%,魹ｽ魹ｽ魹ｽ魹ｽ魹ｽ魹ｽ魹ｽ魹ｽﾊｵ魹ｽ魹ｽ,魹ｽ魹ｽ魹ｽ魹ｽ魹ｽﾅｶ魹ｽ,Week 1,Week 1
魹ｽ魹ｽ魹ｽ魹ｽﾉｹ魹ｽ魹ｽ魹ｽ,魹ｽ魹ｽ魹ｽ魹ｽ魹ｽ魹ｽﾏｷ魹ｽ魹ｽ魹ｽ魹ｽ,魹ｽ魹ｽ魹ｽ魹ｽ魹ｽﾐｶ魹ｽ,P0,魹ｽ魹ｽ魹ｽ魹ｽ魹ｽ,100%,魹ｽ魹ｽ魹ｽ魹ｽ魹ｽ魹ｽ魹ｽ魹ｽ魹ｽﾐｶ魹ｽ,魹ｽ魹ｽ魹ｽ魹ｽ魹ｽﾅｶ魹ｽ,Week 1,Week 1
魹ｽ魹ｽ魹ｽ魹ｽﾉｹ魹ｽ魹ｽ魹ｽ,魹ｽ魹ｽ魹ｽ魹ｽ魹ｽ魹ｽﾏｷ魹ｽ魹ｽ魹ｽ魹ｽ,ﾊ､魹ｽ魹ｽ魹ｽﾐｶ魹ｽ,P0,魹ｽ魹ｽ魹ｽ魹ｽ魹ｽ,100%,魹ｽ魹ｽ魹ｽ魹ｽﾊ､魹ｽ魹ｽ魹ｽﾐｶ魹ｽ,魹ｽ魹ｽ魹ｽ魹ｽ魹ｽﾅｶ魹ｽ,Week 1,Week 1
魹ｽ魹ｽ魹ｽ魹ｽﾉｹ魹ｽ魹ｽ魹ｽ,ﾊｵﾊｱﾍｬ魹ｽ魹ｽ,Supabase Realtime 魹ｽ魹ｽ魹ｽ魹ｽ,P0,魹ｽ魹ｽ魹ｽ魹ｽ魹ｽ,100%,魹ｽ魹ｽ魹ｽ魹ｽ魹ｽ魹ｽ魹ｽﾟｶ魹ｽﾕｽﾖｧ魹ｽ魹ｽ,魹ｽ魹ｽﾋｿ魹ｽ魹ｽ魹ｽ,Week 1,Week 1
魹ｽ魹ｽ魹ｽ魹ｽﾉｹ魹ｽ魹ｽ魹ｽ,魹ｽﾃｻ魹ｽ魹ｽ魹ｽﾖ､,魹ｽ魹ｽ魹ｽ魹ｽ魹ｽ魹ｽﾂｼ,P0,魹ｽ魹ｽ魹ｽ魹ｽ魹ｽ,100%,魹ｽ魹ｽ魹ｽ魹ｽ魹ｽﾃｻ魹ｽ魹ｽ魹ｽﾂｼ,魹ｽ魹ｽﾋｿ魹ｽ魹ｽ魹ｽ,Week 1,Week 1
魹ｽ魹ｽ魹ｽ魹ｽﾉｹ魹ｽ魹ｽ魹ｽ,魹ｽﾃｻ魹ｽ魹ｽ魹ｽﾖ､,魹ｽ魹ｽ魹ｽ魹ｽ魹ｽ魹ｽ魹ｽ,P0,魹ｽ魹ｽ魹ｽ魹ｽ魹ｽ,100%,魹ｽ魹ｽ魹ｽ莇ｴ魹ｽ魹ｽ魹ｽﾍｹ魹ｽ魹ｽ魹ｽ,魹ｽ魹ｽﾋｿ魹ｽ魹ｽ魹ｽ,Week 1,Week 1
魹ｽ魹ｽ魹ｽ魹ｽﾉｹ魹ｽ魹ｽ魹ｽ,魹ｽﾃｻ魹ｽ魹ｽ魹ｽﾖ､,魹ｽ魹ｽﾔｱﾗｴﾌｬﾍｬ魹ｽ魹ｽ,P0,魹ｽ魹ｽ魹ｽ魹ｽ魹ｽ,100%,ﾊｵﾊｱﾗｴﾌｬﾍｬ魹ｽ魹ｽ,魹ｽ魹ｽﾋｿ魹ｽ魹ｽ魹ｽ,Week 1,Week 1
魹ｽ魹ｽ魹ｽ魹ｽﾉｹ魹ｽ魹ｽ魹ｽ,UI 魹ｽ魹ｽ魹ｽ魹ｽ魹ｽ,Button 魹ｽ魹ｽ魹ｽ,P0,魹ｽ魹ｽ魹ｽ魹ｽ魹ｽ,100%,魹ｽ魹ｽ魹ｽ魹ｽ魹ｽ魹ｽﾅ･魹ｽ魹ｽ魹ｽ,ﾇｰ魹ｽﾋｿ魹ｽ魹ｽ魹ｽ,Week 1,Week 1
魹ｽ魹ｽ魹ｽ魹ｽﾉｹ魹ｽ魹ｽ魹ｽ,UI 魹ｽ魹ｽ魹ｽ魹ｽ魹ｽ,Card 魹ｽ魹ｽ魹ｽ,P0,魹ｽ魹ｽ魹ｽ魹ｽ魹ｽ,100%,魹ｽ魹ｽ魹ｽ魹ｽ魹ｽ魹ｽﾆｬ魹ｽ魹ｽ魹ｽ,ﾇｰ魹ｽﾋｿ魹ｽ魹ｽ魹ｽ,Week 1,Week 1
魹ｽ魹ｽ魹ｽ魹ｽﾉｹ魹ｽ魹ｽ魹ｽ,UI 魹ｽ魹ｽ魹ｽ魹ｽ魹ｽ,Input 魹ｽ魹ｽ魹ｽ,P0,魹ｽ魹ｽ魹ｽ魹ｽ魹ｽ,100%,魹ｽ魹ｽ魹ｽ魹ｽ魹ｽ魹ｽ魹ｽ魹ｽ魹ｽ魹ｽ魹ｽ,ﾇｰ魹ｽﾋｿ魹ｽ魹ｽ魹ｽ,Week 1,Week 1
魹ｽ魹ｽ魹ｽ魹ｽﾉｹ魹ｽ魹ｽ魹ｽ,UI 魹ｽ魹ｽ魹ｽ魹ｽ魹ｽ,Modal 魹ｽ魹ｽ魹ｽ,P0,魹ｽ魹ｽ魹ｽ魹ｽ魹ｽ,100%,魹ｽ魹ｽ魹ｽ魹ｽﾄ｣ﾌｬ魹ｽ魹ｽ魹ｽ魹ｽ魹ｽ,ﾇｰ魹ｽﾋｿ魹ｽ魹ｽ魹ｽ,Week 1,Week 1
魹ｽ魹ｽ魹ｽ魹ｽﾉｹ魹ｽ魹ｽ魹ｽ,UI 魹ｽ魹ｽ魹ｽ魹ｽ魹ｽ,Avatar 魹ｽ魹ｽ魹ｽ,P0,魹ｽ魹ｽ魹ｽ魹ｽ魹ｽ,100%,魹ｽ魹ｽ魹ｽ魹ｽﾍｷ魹ｽ魹ｽ魹ｽ魹ｽ魹ｽ,ﾇｰ魹ｽﾋｿ魹ｽ魹ｽ魹ｽ,Week 1,Week 1
魹ｽ魹ｽ魹ｽ魹ｽﾉｹ魹ｽ魹ｽ魹ｽ,UI 魹ｽ魹ｽ魹ｽ魹ｽ魹ｽ,Badge 魹ｽ魹ｽ魹ｽ,P0,魹ｽ魹ｽ魹ｽ魹ｽ魹ｽ,100%,魹ｽ魹ｽ魹ｽ魹ｽ魹ｽ魹ｽ魹ｽ魹ｽ魹ｽ魹ｽ魹ｽ,ﾇｰ魹ｽﾋｿ魹ｽ魹ｽ魹ｽ,Week 1,Week 1
魹ｽ魹ｽ魹ｽ魹ｽﾉｹ魹ｽ魹ｽ魹ｽ,UI 魹ｽ魹ｽ魹ｽ魹ｽ魹ｽ,Toast 魹ｽ魹ｽ魹ｽ,P0,魹ｽ魹ｽ魹ｽ魹ｽ魹ｽ,100%,魹ｽ魹ｽ魹ｽ魹ｽ魹ｽ魹ｽﾊｾ魹ｽ魹ｽ魹ｽ,ﾇｰ魹ｽﾋｿ魹ｽ魹ｽ魹ｽ,Week 1,Week 1
魹ｽ魹ｽ魹ｽ魹ｽﾉｹ魹ｽ魹ｽ魹ｽ,UI 魹ｽ魹ｽ魹ｽ魹ｽ魹ｽ,魹ｽ魹ｽ魹ｽ魹ｽ魹ｽ魹ｽ魹ｽ,P0,魹ｽ魹ｽ魹ｽ魹ｽ魹ｽ,100%,Framer Motion 魹ｽ魹ｽ魹ｽ魹ｽ,ﾇｰ魹ｽﾋｿ魹ｽ魹ｽ魹ｽ,Week 1,Week 1
魹ｽ魹ｽ魹ｽ魹ｽﾉｹ魹ｽ魹ｽ魹ｽ,AI ﾏｵﾍｳ,魹ｽ魹ｽ魹ｽ魹ｽ AI 魹ｽ魹ｽ魹ｽ魹ｽ,P0,魹ｽ魹ｽ魹ｽ魹ｽ魹ｽ,100%,魹ｽﾔｶ魹ｽ魹ｽ魹ｽ魹ｽﾆｹ魹ｽ魹ｽ魹ｽ,AI魹ｽ魹ｽ魹ｽ魹ｽ,Week 1,Week 1
魹ｽ魹ｽ魹ｽ魹ｽﾉｹ魹ｽ魹ｽ魹ｽ,魹ｽ魹ｽﾐｧﾏｵﾍｳ,Web Audio API,P0,魹ｽ魹ｽ魹ｽ魹ｽ魹ｽ,100%,魹ｽ魹ｽﾏｷ魹ｽ魹ｽﾐｧﾊｵ魹ｽ魹ｽ,ﾇｰ魹ｽﾋｿ魹ｽ魹ｽ魹ｽ,Week 1,Week 1
魹ｽ魹ｽ魹ｽ魹ｽﾉｹ魹ｽ魹ｽ魹ｽ,魹ｽ魹ｽ魹ｽ魹ｽﾏｵﾍｳ,Framer Motion,P0,魹ｽ魹ｽ魹ｽ魹ｽ魹ｽ,100%,魹ｽ魹ｽ魹ｽ魹ｽ魹ｽ魹ｽ魹ｽ魹ｽﾐｧ魹ｽ魹ｽ,ﾇｰ魹ｽﾋｿ魹ｽ魹ｽ魹ｽ,Week 1,Week 1
魹ｽ魹ｽ魹ｽ魹ｽﾉｹ魹ｽ魹ｽ魹ｽ,魹ｽ魹ｽ魹ｽ魹ｽﾏｵﾍｳ,魹ｽ魹ｽ魹ｽ魹ｽ魹ｽ魹ｽ魹ｽﾐｻ魹ｽ,P0,魹ｽ魹ｽ魹ｽ魹ｽ魹ｽ,100%,魹ｽ魹ｽ魹ｽ魹ｽ/魹ｽﾖｴ魹ｽ/魹ｽ魹ｽ魹ｽ魹ｽ魹ｽ魹ｽ魹ｽ魹ｽ,ﾇｰ魹ｽﾋｿ魹ｽ魹ｽ魹ｽ,Week 5,Week 5
魹ｽ魹ｽ魹ｽ魹ｽﾉｹ魹ｽ魹ｽ魹ｽ,魹ｽ魹ｽ魹ｽ魹ｽ魹ｽ魹ｽ魹ｽ魹ｽ,Playwright E2E,P0,魹ｽ魹ｽ魹ｽ魹ｽ魹ｽ魹ｽ魹ｽ,40%,魹ｽ魹ｽ魹ｽﾔｿ魹ｽﾜｴ贛ｨ,魹ｽ魹ｽ魹ｽﾔｹ魹ｽ魹ｽ魹ｽﾊｦ,Week 1,Week 1
魹ｽ魹ｽ魹ｽ魹ｽﾉｹ魹ｽ魹ｽ魹ｽ,魹ｽ魹ｽ魹ｽ魹ｽ魹ｽ魹ｽ魹ｽ魹ｽ,Vitest 魹ｽ魹ｽﾔｪ魹ｽ魹ｽ魹ｽ魹ｽ,P0,魹ｽ魹ｽ魹ｽ魹ｽ魹ｽ魹ｽ魹ｽ,50%,魹ｽ魹ｽ魹ｽﾔｿ魹ｽﾜｴ贛ｨ,魹ｽ魹ｽ魹ｽﾔｹ魹ｽ魹ｽ魹ｽﾊｦ,Week 1,Week 1
